aaa,1111,홍길동,Gregan,682 Lien Road,60000000
bbb,2222,유관순,Ceaser,424 Kensington Center,90000000
ccc,3333,이순신,Aust,137 Kingsford Alley,70000000
ttyreman3,5191,Tris,Tyreman,6 Jenna Center,70000000
tatcock4,5545,Tilly,Atcock,46 Ohio Street,60000000
cmccheyne5,1498,Corrie,McCheyne,3 Grayhawk Court,50000000
dfalla6,9430,Derron,Falla,24925 Graceland Hill,80000000
gbayfield7,8725,Garvin,Bayfield,3 Hagan Alley,60000000
rsmelley8,7888,Rosabelle,Smelley,0 Amoth Park,80000000
aphelan9,7324,Arny,Phelan,676 Claremont Drive,70000000
pkelmerea,3476,Peggy,Kelmere,1748 Brentwood Lane,70000000
nknightleyb,5981,Nickie,Knightley,218 Schurz Way,70000000
aedgarsc,1911,Arleen,Edgars,604 Canary Place,60000000
hagastinad,4670,Hillie,Agastina,271 Cardinal Place,100000000
adeverse,7478,Auberon,Devers,940 Laurel Road,80000000
ccabanef,8363,Carolyne,Cabane,7 Oak Valley Lane,80000000
cpilmoreg,7484,Creighton,Pilmore,579 Sullivan Place,60000000
mbenningerh,9161,Mia,Benninger,530 Tony Pass,80000000
jhiblingi,8910,Jolie,Hibling,40 Novick Plaza,90000000
omoukesj,4402,Otis,Moukes,6 Briar Crest Avenue,50000000
